cik,company,form,filing_date,document
0000320193,Apple Inc.,8-K,2026-02-24,ef20060722_8k.htm
0000320193,Apple Inc.,10-Q,2026-01-30,aapl-20251227.htm
0000320193,Apple Inc.,8-K,2026-01-29,aapl-20260129.htm
0000320193,Apple Inc.,DEFA14A,2026-01-08,aapl014016-defa14a.htm
0000320193,Apple Inc.,DEF 14A,2026-01-08,aapl014016-def14a.htm
0000320193,Apple Inc.,8-K,2026-01-02,ef20060722_8k.htm
0000320193,Apple Inc.,8-K,2025-12-05,ef20060722_8k.htm
0000320193,Apple Inc.,10-K,2025-10-31,aapl-20250927.htm
0000320193,Apple Inc.,8-K,2025-10-30,aapl-20251030.htm
0000320193,Apple Inc.,10-Q,2025-08-01,aapl-20250628.htm
0000320193,Apple Inc.,8-K,2025-07-31,aapl-20250731.htm
0000320193,Apple Inc.,SCHEDULE 13G/A,2025-07-29,xslSCHEDULE_13G_X01/primary_doc.xml
0000320193,Apple Inc.,8-K,2025-07-25,ef20052355_8k.htm
0000320193,Apple Inc.,8-K,2025-07-09,ef20051741_8k.htm
0000320193,Apple Inc.,8-K,2025-05-12,ef20048691_8k.htm
0000320193,Apple Inc.,10-Q,2025-05-02,aapl-20250329.htm
0000320193,Apple Inc.,8-K,2025-05-01,aapl-20250501.htm
0000320193,Apple Inc.,8-K,2025-02-25,ef20044022_8k.htm
0000320193,Apple Inc.,10-Q,2025-01-31,aapl-20241228.htm
0000320193,Apple Inc.,8-K,2025-01-30,aapl-20250130.htm
0000320193,Apple Inc.,DEFA14A,2025-01-10,aapl4359751-defa14a.htm
0000320193,Apple Inc.,DEF 14A,2025-01-10,aapl4359751-def14a.htm
0000320193,Apple Inc.,8-K,2025-01-03,ef20040370_8k.htm
0000320193,Apple Inc.,10-K,2024-11-01,aapl-20240928.htm
0000320193,Apple Inc.,8-K,2024-10-31,aapl-20241031.htm
0000320193,Apple Inc.,8-K,2024-09-10,ef20035718_8k.htm
0000320193,Apple Inc.,8-K,2024-08-26,ny20033611x3_8k.htm
0000320193,Apple Inc.,8-K,2024-08-23,ny20033611x2_8k.htm
0000320193,Apple Inc.,10-Q,2024-08-02,aapl-20240629.htm
0000320193,Apple Inc.,8-K,2024-08-01,aapl-20240801.htm
0000320193,Apple Inc.,8-K,2024-05-03,ef20028273_8k.htm
0000320193,Apple Inc.,10-Q,2024-05-03,aapl-20240330.htm
0000320193,Apple Inc.,8-K,2024-05-02,aapl-20240502.htm
0000320193,Apple Inc.,8-K,2024-02-28,ny20022580x1_8k.htm
0000320193,Apple Inc.,SC 13G/A,2024-02-14,d751537dsc13ga.htm
0000320193,Apple Inc.,SC 13G/A,2024-02-13,tv0017-appleinc.htm
0000320193,Apple Inc.,SC 13G/A,2024-02-12,us0378331005_021224.txt
0000320193,Apple Inc.,10-Q,2024-02-02,aapl-20231230.htm
0000320193,Apple Inc.,8-K,2024-02-01,aapl-20240201.htm
0000320193,Apple Inc.,DEFA14A,2024-01-11,laapl2024_defa14a.htm
0000320193,Apple Inc.,DEF 14A,2024-01-11,laapl2024_def14a.htm
0000320193,Apple Inc.,10-K,2023-11-03,aapl-20230930.htm
0000320193,Apple Inc.,8-K,2023-11-02,aapl-20231102.htm
0000320193,Apple Inc.,10-Q,2023-08-04,aapl-20230701.htm
0000320193,Apple Inc.,8-K,2023-08-03,aapl-20230803.htm
0000320193,Apple Inc.,8-K,2023-05-10,ny20007635x4_8k.htm
0000320193,Apple Inc.,10-Q,2023-05-05,aapl-20230401.htm
0000320193,Apple Inc.,8-K,2023-05-04,aapl-20230504.htm
0000320193,Apple Inc.,8-K,2023-03-10,brhc10049413_8k.htm
0000320193,Apple Inc.,SC 13G/A,2023-02-14,d382361dsc13ga.htm
0000320193,Apple Inc.,SC 13G/A,2023-02-09,tv0017-appleinc.htm
0000320193,Apple Inc.,SC 13G/A,2023-02-07,us0378331005_020723.txt
0000320193,Apple Inc.,DEFA14A,2023-02-03,brhc10047294_defa14a.htm
0000320193,Apple Inc.,10-Q,2023-02-03,aapl-20221231.htm
0000320193,Apple Inc.,8-K,2023-02-02,aapl-20230202.htm
0000320193,Apple Inc.,DEFA14A,2023-01-12,laap2023_def14a.htm
0000320193,Apple Inc.,DEF 14A,2023-01-12,laap2023_def14a.htm
0000320193,Apple Inc.,8-K,2022-11-07,d400465d8k.htm
0000320193,Apple Inc.,10-K,2022-10-28,aapl-20220924.htm
0000320193,Apple Inc.,8-K,2022-10-27,aapl-20221027.htm
0000320193,Apple Inc.,8-K,2022-08-19,d366128d8k.htm
0000320193,Apple Inc.,8-K,2022-08-08,d297151d8k.htm
0000320193,Apple Inc.,10-Q,2022-07-29,aapl-20220625.htm
0000320193,Apple Inc.,8-K,2022-07-28,aapl-20220728.htm
0000320193,Apple Inc.,10-Q,2022-04-29,aapl-20220326.htm
0000320193,Apple Inc.,8-K,2022-04-28,aapl-20220428.htm
0000320193,Apple Inc.,8-K,2022-03-04,d294699d8k.htm
0000320193,Apple Inc.,SC 13G/A,2022-02-09,tv0011-appleinc.htm
0000320193,Apple Inc.,SC 13G/A,2022-02-01,us0378331005_012822.txt
0000320193,Apple Inc.,10-Q,2022-01-28,aapl-20211225.htm
0000320193,Apple Inc.,8-K,2022-01-27,aapl-20220127.htm
0000320193,Apple Inc.,DEFA14A,2022-01-06,d399129ddefa14a.htm
0000320193,Apple Inc.,DEF 14A,2022-01-06,d222670ddef14a.htm
0000320193,Apple Inc.,8-K,2021-11-12,d259993d8k.htm
0000320193,Apple Inc.,10-K,2021-10-29,aapl-20210925.htm
0000320193,Apple Inc.,8-K,2021-10-28,aapl-20211028.htm
0000320193,Apple Inc.,8-K,2021-08-05,d199884d8k.htm
0000320193,Apple Inc.,10-Q,2021-07-28,aapl-20210626.htm
0000320193,Apple Inc.,8-K,2021-07-27,aapl-20210727.htm
0000320193,Apple Inc.,10-Q,2021-04-29,aapl-20210327.htm
0000320193,Apple Inc.,8-K,2021-04-28,aapl-20210428.htm
0000320193,Apple Inc.,8-K,2021-02-24,d101693d8k.htm
0000320193,Apple Inc.,SC 13G/A,2021-02-16,d107461dsc13ga.htm
0000320193,Apple Inc.,SC 13G/A,2021-02-10,tv0010-appleinc.htm
0000320193,Apple Inc.,8-K,2021-02-08,d70217d8k.htm
0000320193,Apple Inc.,SC 13G/A,2021-02-05,us0378331005_020421.txt
0000320193,Apple Inc.,10-Q,2021-01-28,aapl-20201226.htm
0000320193,Apple Inc.,8-K,2021-01-27,aapl-20210127.htm
0000320193,Apple Inc.,DEFA14A,2021-01-05,d767776ddefa14a.htm
0000320193,Apple Inc.,DEF 14A,2021-01-05,d767770ddef14a.htm
0000320193,Apple Inc.,8-K,2021-01-05,d29637d8k.htm
0000320193,Apple Inc.,10-K,2020-10-30,aapl-20200926.htm
0000320193,Apple Inc.,8-K,2020-10-29,aapl-20201029.htm
0000320193,Apple Inc.,8-K,2020-08-20,d937363d8k.htm
0000320193,Apple Inc.,8-K,2020-08-07,d49399d8k.htm
0000320193,Apple Inc.,10-Q,2020-07-31,aapl-20200627.htm
0000320193,Apple Inc.,8-K,2020-07-30,aapl-20200730.htm
0000320193,Apple Inc.,8-K,2020-05-11,d926511d8k.htm
0000320193,Apple Inc.,10-Q,2020-05-01,a10-qq220203282020.htm
0000320193,Apple Inc.,8-K,2020-04-30,a8-kq220203282020.htm
0000320193,Apple Inc.,8-K,2020-02-27,d865740d8k.htm
0000320193,Apple Inc.,8-K,2020-02-18,d845033d8k.htm
0000320193,Apple Inc.,SC 13G/A,2020-02-14,d852265dsc13ga.htm
0000320193,Apple Inc.,SC 13G/A,2020-02-12,tv01779-appleinc.htm
0000320193,Apple Inc.,SC 13G/A,2020-02-10,us0378331005_020720.txt
0000320193,Apple Inc.,10-Q,2020-01-29,a10-qq1202012282019.htm
0000320193,Apple Inc.,8-K,2020-01-28,a8-kq1202012282019.htm
0000320193,Apple Inc.,DEFA14A,2020-01-03,d799146ddefa14a.htm
0000320193,Apple Inc.,DEF 14A,2020-01-03,d799303ddef14a.htm
0000320193,Apple Inc.,8-K,2019-11-15,d828969d8k.htm
0000320193,Apple Inc.,10-K,2019-10-31,a10-k20199282019.htm
0000320193,Apple Inc.,8-K,2019-10-30,a8-kq420199282019.htm
0000320193,Apple Inc.,8-K,2019-09-13,a8-kseptember201991019.htm
0000320193,Apple Inc.,8-K,2019-09-11,d777124d8k.htm
0000320193,Apple Inc.,10-Q,2019-07-31,a10-qq320196292019.htm
0000320193,Apple Inc.,8-K,2019-07-30,a8-kq320196292019.htm
0000320193,Apple Inc.,10-Q,2019-05-01,a10-qq220193302019.htm
0000320193,Apple Inc.,8-K,2019-04-30,a8-kq220193302019.htm
0000320193,Apple Inc.,8-K,2019-03-04,copyofreference8-kform8xkq.htm
0000320193,Apple Inc.,SC 13G,2019-02-14,d667611dsc13g.htm
0000320193,Apple Inc.,SC 13G/A,2019-02-11,appleinc.htm
0000320193,Apple Inc.,8-K,2019-02-06,a8-kfebruary2019252019.htm
0000320193,Apple Inc.,SC 13G/A,2019-02-04,us0378331005_020419.txt
0000320193,Apple Inc.,10-Q,2019-01-30,a10-qq1201912292018.htm
0000320193,Apple Inc.,8-K,2019-01-29,a8-kq1201912292018.htm
0000320193,Apple Inc.,DEFA14A,2019-01-08,d668059ddefa14a.htm
0000320193,Apple Inc.,DEF 14A,2019-01-08,d667873ddef14a.htm
0000320193,Apple Inc.,8-K,2019-01-02,a8-kjanuary2019122019.htm
0000320193,Apple Inc.,10-K,2018-11-05,a10-k20189292018.htm
0000320193,Apple Inc.,8-K,2018-11-01,a8-kq420189292018.htm
0000320193,Apple Inc.,10-Q,2018-08-01,a10-qq320186302018.htm
0000320193,Apple Inc.,8-K,2018-07-31,a8-kq320186302018.htm
0000320193,Apple Inc.,8-K,2018-05-07,d563832d8k.htm
0000320193,Apple Inc.,10-Q,2018-05-02,a10-qq220183312018.htm
0000320193,Apple Inc.,8-K,2018-05-01,a8-kq220183312018.htm
0000320193,Apple Inc.,8-K,2018-02-14,d374908d8k.htm
0000320193,Apple Inc.,SC 13G/A,2018-02-12,appleinc.htm
0000320193,Apple Inc.,10-Q,2018-02-02,a10-qq1201812302017.htm
0000320193,Apple Inc.,8-K,2018-02-01,a8-kq1201812302017.htm
0000320193,Apple Inc.,SC 13G/A,2018-01-29,us0378331005_012918.txt
0000320193,Apple Inc.,DEFA14A,2017-12-27,d396272ddefa14a.htm
0000320193,Apple Inc.,DEF 14A,2017-12-27,d400278ddef14a.htm
0000320193,Apple Inc.,8-K,2017-11-13,d478060d8k.htm
0000320193,Apple Inc.,10-K,2017-11-03,a10-k20179302017.htm
0000320193,Apple Inc.,8-K,2017-11-02,a8-kq420179302017.htm
0000320193,Apple Inc.,8-K,2017-10-12,d386231d8k.htm
0000320193,Apple Inc.,8-K,2017-09-12,d434478d8k.htm
0000320193,Apple Inc.,8-K,2017-08-18,d593893d8k.htm
0000320193,Apple Inc.,10-Q,2017-08-02,a10-qq32017712017.htm
0000320193,Apple Inc.,8-K,2017-08-01,a8-kq32017712017.htm
0000320193,Apple Inc.,8-K,2017-06-20,d413980d8k.htm
0000320193,Apple Inc.,8-K,2017-05-24,d583637d8k.htm
0000320193,Apple Inc.,8-K,2017-05-11,d388721d8k.htm
0000320193,Apple Inc.,10-Q,2017-05-03,a10-qq22017412017.htm
0000320193,Apple Inc.,8-K,2017-05-02,a8-kq22017412017.htm
0000320193,Apple Inc.,8-K,2017-03-03,d348450d8k.htm
0000320193,Apple Inc.,8-K,2017-03-01,d342218d8k.htm
0000320193,Apple Inc.,8-K,2017-02-09,d340350d8k.htm
0000320193,Apple Inc.,SC 13G/A,2017-02-09,appleinc.htm
0000320193,Apple Inc.,10-Q,2017-02-01,a10-qq1201712312016.htm
0000320193,Apple Inc.,8-K,2017-01-31,a8-kq1201712312016.htm
0000320193,Apple Inc.,SC 13G/A,2017-01-19,apple.inc.txt
0000320193,Apple Inc.,DEFA14A,2017-01-06,d307349ddefa14a.htm
0000320193,Apple Inc.,DEF 14A,2017-01-06,d257185ddef14a.htm
0000320193,Apple Inc.,8-K,2016-12-15,form8-k121316.htm
0000320193,Apple Inc.,10-K,2016-10-26,a201610-k9242016.htm
0000320193,Apple Inc.,8-K,2016-10-25,a8-kq420169242016.htm
0000320193,Apple Inc.,8-K,2016-08-04,d234980d8k.htm
0000320193,Apple Inc.,10-Q,2016-07-27,a10-qq320166252016.htm
0000320193,Apple Inc.,8-K,2016-07-26,a8-kq320166252016.htm
0000320193,Apple Inc.,8-K,2016-06-22,d209946d8k.htm
0000320193,Apple Inc.,10-Q,2016-04-27,d165350d10q.htm
0000320193,Apple Inc.,8-K,2016-04-26,d325078d8k.htm
0000320193,Apple Inc.,8-K,2016-03-24,d161597d8k.htm
0000320193,Apple Inc.,8-K,2016-03-01,d150918d8k.htm
0000320193,Apple Inc.,8-K,2016-02-23,d143184d8k.htm
0000320193,Apple Inc.,SC 13G/A,2016-02-10,appleinc.htm
0000320193,Apple Inc.,10-Q,2016-01-27,d66145d10q.htm
0000320193,Apple Inc.,8-K,2016-01-26,d22806d8k.htm
0000320193,Apple Inc.,SC 13G/A,2016-01-25,apple.inc.2015.txt
0000320193,Apple Inc.,DEFA14A,2016-01-06,d10999ddefa14a.htm
0000320193,Apple Inc.,DEF 14A,2016-01-06,d79474ddef14a.htm
0000320193,Apple Inc.,8-K,2015-12-22,d55543d8k.htm
0000320193,Apple Inc.,8-K,2015-12-17,d107635d8k.htm
0000320193,Apple Inc.,10-K,2015-10-28,d17062d10k.htm
0000320193,Apple Inc.,8-K,2015-10-27,d74332d8k.htm
0000320193,Apple Inc.,8-K,2015-10-02,d10101d8k.htm
0000320193,Apple Inc.,8-K,2015-09-17,d31615d8k.htm
0000320193,Apple Inc.,8-K,2015-07-31,d12789d8k.htm
0000320193,Apple Inc.,10-Q,2015-07-22,d927922d10q.htm
0000320193,Apple Inc.,8-K,2015-07-21,d927923d8k.htm
0000320193,Apple Inc.,8-K,2015-06-10,d938654d8k.htm
0000320193,Apple Inc.,8-K,2015-05-13,d923398d8k.htm
0000320193,Apple Inc.,10-Q,2015-04-28,d892246d10q.htm
0000320193,Apple Inc.,8-K,2015-04-27,d914157d8k.htm
0000320193,Apple Inc.,8-K,2015-04-27,d901296d8k.htm
0000320193,Apple Inc.,8-K,2015-03-13,a15-5624_18k.htm
0001045810,NVIDIA CORP,10-K,2026-02-25,nvda-20260125.htm
0001045810,NVIDIA CORP,8-K,2026-02-25,nvda-20260225.htm
0001045810,NVIDIA CORP,13F-HR,2026-02-17,xslForm13F_X02/primary_doc.xml
0001045810,NVIDIA CORP,SCHEDULE 13G/A,2026-01-30,xslSCHEDULE_13G_X01/primary_doc.xml
0001045810,NVIDIA CORP,SCHEDULE 13G/A,2026-01-26,xslSCHEDULE_13G_X01/primary_doc.xml
0001045810,NVIDIA CORP,8-K,2026-01-23,nvda-20260120.htm
0001045810,NVIDIA CORP,10-Q,2025-11-19,nvda-20251026.htm
0001045810,NVIDIA CORP,8-K,2025-11-19,nvda-20251119.htm
0001045810,NVIDIA CORP,13F-HR,2025-11-14,xslForm13F_X02/primary_doc.xml
0001045810,NVIDIA CORP,10-Q,2025-08-27,nvda-20250727.htm
0001045810,NVIDIA CORP,8-K,2025-08-27,nvda-20250827.htm
0001045810,NVIDIA CORP,13F-HR,2025-08-14,xslForm13F_X02/primary_doc.xml
0001045810,NVIDIA CORP,8-K,2025-08-05,nvda-20250731.htm
0001045810,NVIDIA CORP,8-K,2025-07-01,nvda-20250625.htm
0001045810,NVIDIA CORP,10-Q,2025-05-28,nvda-20250427.htm
0001045810,NVIDIA CORP,8-K,2025-05-28,nvda-20250528.htm
0001045810,NVIDIA CORP,SCHEDULE 13G,2025-05-15,xslSCHEDULE_13G_X01/primary_doc.xml
0001045810,NVIDIA CORP,13F-HR,2025-05-15,xslForm13F_X02/primary_doc.xml
0001045810,NVIDIA CORP,DEFA14A,2025-05-13,noticeof2025annualmeeting1.htm
0001045810,NVIDIA CORP,DEF 14A,2025-05-13,nvda-20250512.htm
0001045810,NVIDIA CORP,8-K,2025-04-15,nvda-20250409.htm
0001045810,NVIDIA CORP,8-K,2025-03-07,nvda-20250303.htm
0001045810,NVIDIA CORP,10-K,2025-02-26,nvda-20250126.htm
0001045810,NVIDIA CORP,8-K,2025-02-26,nvda-20250226.htm
0001045810,NVIDIA CORP,SCHEDULE 13G/A,2025-02-14,xslSCHEDULE_13G_X01/primary_doc.xml
0001045810,NVIDIA CORP,13F-HR,2025-02-14,xslForm13F_X02/primary_doc.xml
0001045810,NVIDIA CORP,8-K,2025-01-17,nvda-20250113.htm
0001045810,NVIDIA CORP,10-Q,2024-11-20,nvda-20241027.htm
0001045810,NVIDIA CORP,8-K,2024-11-20,nvda-20241120.htm
0001045810,NVIDIA CORP,13F-HR,2024-11-14,xslForm13F_X02/primary_doc.xml
0001045810,NVIDIA CORP,SC 13G/A,2024-11-12,filing.txt
0001045810,NVIDIA CORP,8-K,2024-11-07,nvda-20241107.htm
0001045810,NVIDIA CORP,10-Q,2024-08-28,nvda-20240728.htm
0001045810,NVIDIA CORP,8-K,2024-08-28,nvda-20240828.htm
0001045810,NVIDIA CORP,13F-HR,2024-08-14,xslForm13F_X02/primary_doc.xml
0001045810,NVIDIA CORP,SC 13G,2024-07-18,nvidia-serv13g.htm
0001045810,NVIDIA CORP,8-K,2024-07-02,nvda-20240626.htm
0001045810,NVIDIA CORP,8-K,2024-06-07,nvda-20240607.htm
0001045810,NVIDIA CORP,10-Q,2024-05-29,nvda-20240428.htm
0001045810,NVIDIA CORP,8-K,2024-05-22,nvda-20240522.htm
0001045810,NVIDIA CORP,13F-HR,2024-05-15,xslForm13F_X02/primary_doc.xml
0001045810,NVIDIA CORP,DEFA14A,2024-05-14,noticeof2024annualmeeting.htm
0001045810,NVIDIA CORP,DEF 14A,2024-05-14,nvda-20240514.htm
0001045810,NVIDIA CORP,8-K,2024-03-14,nvda-20240308.htm
0001045810,NVIDIA CORP,10-K,2024-02-21,nvda-20240128.htm
0001045810,NVIDIA CORP,8-K,2024-02-21,nvda-20240221.htm
0001045810,NVIDIA CORP,13F-HR,2024-02-14,xslForm13F_X02/primary_doc.xml
0001045810,NVIDIA CORP,SC 13G/A,2024-02-13,tv01585-nvidiacorp.htm
0001045810,NVIDIA CORP,SC 13G/A,2024-02-09,filing.txt
0001045810,NVIDIA CORP,SC 13G/A,2024-01-26,us67066g1040_012624.txt
0001045810,NVIDIA CORP,10-Q,2023-11-21,nvda-20231029.htm
0001045810,NVIDIA CORP,8-K,2023-11-21,nvda-20231121.htm
0001045810,NVIDIA CORP,8-K,2023-10-24,nvda-20231023.htm
0001045810,NVIDIA CORP,8-K,2023-10-17,nvda-20231017.htm
0001045810,NVIDIA CORP,10-Q,2023-08-28,nvda-20230730.htm
0001045810,NVIDIA CORP,8-K,2023-08-23,nvda-20230823.htm
0001045810,NVIDIA CORP,8-K,2023-07-24,nvda-20230724.htm
0001045810,NVIDIA CORP,8-K,2023-06-27,nvda-20230622.htm
0001045810,NVIDIA CORP,10-Q,2023-05-26,nvda-20230430.htm
0001045810,NVIDIA CORP,8-K,2023-05-24,nvda-20230524.htm
0001045810,NVIDIA CORP,DEFA14A,2023-05-08,noticeof2023annualmeeting.htm
0001045810,NVIDIA CORP,DEF 14A,2023-05-08,nvda-20230508.htm
0001045810,NVIDIA CORP,8-K,2023-03-08,nvda-20230302.htm
0001045810,NVIDIA CORP,10-K,2023-02-24,nvda-20230129.htm
0001045810,NVIDIA CORP,8-K,2023-02-22,nvda-20230222.htm
0001045810,NVIDIA CORP,SC 13G/A,2023-02-09,filing.txt
0001045810,NVIDIA CORP,SC 13G/A,2023-02-09,tv01552-nvidiacorp.htm
0001045810,NVIDIA CORP,SC 13G/A,2023-01-31,us67066g1040_013123.txt
0001045810,NVIDIA CORP,10-Q,2022-11-18,nvda-20221030.htm
0001045810,NVIDIA CORP,8-K,2022-11-16,nvda-20221116.htm
0001045810,NVIDIA CORP,8-K,2022-09-01,nvda-20220831.htm
0001045810,NVIDIA CORP,10-Q,2022-08-31,nvda-20220731.htm
0001045810,NVIDIA CORP,8-K,2022-08-31,nvda-20220826.htm
0001045810,NVIDIA CORP,8-K,2022-08-24,nvda-20220824.htm
0001045810,NVIDIA CORP,8-K,2022-08-08,nvda-20220808.htm
0001045810,NVIDIA CORP,8-K,2022-06-06,nvda-20220602.htm
0001045810,NVIDIA CORP,10-Q,2022-05-27,nvda-20220501.htm
0001045810,NVIDIA CORP,8-K,2022-05-25,nvda-20220525.htm
0001045810,NVIDIA CORP,DEFA14A,2022-04-20,noticeof2022annualmeeting.htm
0001045810,NVIDIA CORP,DEF 14A,2022-04-19,noticeof2022annualmeeting.htm
0001045810,NVIDIA CORP,DEF 14A,2022-04-19,nvda2022definitiveproxysta.htm
0001045810,NVIDIA CORP,10-K,2022-03-18,nvda-20220130.htm
0001045810,NVIDIA CORP,8-K,2022-03-09,nvda-20220303.htm
0001045810,NVIDIA CORP,8-K,2022-02-16,nvda-20220216.htm
0001045810,NVIDIA CORP,SC 13G/A,2022-02-10,tv01553-nvidiacorp.htm
0001045810,NVIDIA CORP,SC 13G/A,2022-02-09,filing.txt
0001045810,NVIDIA CORP,8-K,2022-02-08,nvda-20220208.htm
0001045810,NVIDIA CORP,SC 13G/A,2022-02-01,us67066g1040_020122.txt
0001045810,NVIDIA CORP,10-Q,2021-11-22,nvda-20211031.htm
0001045810,NVIDIA CORP,8-K,2021-11-17,nvda-20211117.htm
0001045810,NVIDIA CORP,10-Q,2021-08-20,nvda-20210801.htm
0001045810,NVIDIA CORP,8-K,2021-08-18,nvda-20210818.htm
0001045810,NVIDIA CORP,8-K,2021-06-28,nvda-20210628.htm
0001045810,NVIDIA CORP,8-K,2021-06-16,d80739d8k.htm
0001045810,NVIDIA CORP,8-K,2021-06-07,nvda-20210603.htm
0001045810,NVIDIA CORP,10-Q,2021-05-26,nvda-20210502.htm
0001045810,NVIDIA CORP,8-K,2021-05-26,nvda-20210526.htm
0001045810,NVIDIA CORP,DEFA14A,2021-05-21,nvda2021defa14aproxysupple.htm
0001045810,NVIDIA CORP,8-K,2021-05-21,nvda-20210521.htm
0001045810,NVIDIA CORP,DEFA14A,2021-04-23,noticeof2021annualmeeting.htm
0001045810,NVIDIA CORP,DEF 14A,2021-04-23,nvda2021definitiveproxysta.htm
0001045810,NVIDIA CORP,8-K,2021-04-12,nvda-20210412.htm
0001045810,NVIDIA CORP,8-K,2021-03-19,nvda-20210315.htm
0001045810,NVIDIA CORP,10-K,2021-02-26,nvda-20210131.htm
0001045810,NVIDIA CORP,8-K,2021-02-24,nvda-20210224.htm
0001045810,NVIDIA CORP,SC 13G/A,2021-02-10,tv01517-nvidiacorp.htm
0001045810,NVIDIA CORP,SC 13G/A,2021-02-08,filing.txt
0001045810,NVIDIA CORP,SC 13G/A,2021-01-29,us67066g1040_012921.txt
0001045810,NVIDIA CORP,10-Q,2020-11-18,nvda-20201025.htm
0001045810,NVIDIA CORP,8-K,2020-11-18,nvda-20201118.htm
0001045810,NVIDIA CORP,8-K,2020-11-09,nvda-20201109.htm
0001045810,NVIDIA CORP,8-K,2020-09-14,d13958d8k.htm
0001045810,NVIDIA CORP,10-Q,2020-08-19,nvda-20200726.htm
0001045810,NVIDIA CORP,8-K,2020-08-19,nvda-20200819.htm
0001045810,NVIDIA CORP,8-K,2020-07-13,nvda-20200713.htm
0001045810,NVIDIA CORP,8-K,2020-06-15,a8-k2020annualmeetingr.htm
0001045810,NVIDIA CORP,10-Q,2020-05-21,nvda-20200426.htm
0001045810,NVIDIA CORP,8-K,2020-05-21,nvda-20200521.htm
0001045810,NVIDIA CORP,DEFA14A,2020-04-29,noticeof2020annualmeeting.htm
0001045810,NVIDIA CORP,DEF 14A,2020-04-29,nvda2020definitiveproxysta.htm
0001045810,NVIDIA CORP,8-K,2020-04-27,form8-kmellanoxclosing.htm
0001045810,NVIDIA CORP,8-K,2020-04-17,mellanoxantitrustappro.htm
0001045810,NVIDIA CORP,8-K,2020-03-31,d904626d8k.htm
0001045810,NVIDIA CORP,8-K,2020-03-10,form8-kfy2021variablec.htm
0001045810,NVIDIA CORP,10-K,2020-02-20,nvda-2020x10k.htm
0001045810,NVIDIA CORP,8-K,2020-02-13,form8-kq4fy20.htm
0001045810,NVIDIA CORP,SC 13G/A,2020-02-12,tv01719-nvidiacorp.htm
0001045810,NVIDIA CORP,SC 13G/A,2020-02-07,filing.txt
0001045810,NVIDIA CORP,SC 13G/A,2020-02-05,us67066g1040_020520.txt
0001652044,Alphabet Inc.,SCHEDULE 13G/A,2026-02-17,xslSCHEDULE_13G_X01/primary_doc.xml
0001652044,Alphabet Inc.,8-K,2026-02-13,d946885d8k.htm
0001652044,Alphabet Inc.,13F-HR,2026-02-13,xslForm13F_X02/primary_doc.xml
0001652044,Alphabet Inc.,10-K,2026-02-05,goog-20251231.htm
0001652044,Alphabet Inc.,8-K,2026-02-04,goog-20260204.htm
0001652044,Alphabet Inc.,13F-HR,2025-11-07,xslForm13F_X02/primary_doc.xml
0001652044,Alphabet Inc.,8-K,2025-11-06,d56115d8k.htm
0001652044,Alphabet Inc.,10-Q,2025-10-30,goog-20250930.htm
0001652044,Alphabet Inc.,8-K,2025-10-29,goog-20251029.htm
0001652044,Alphabet Inc.,8-K,2025-09-05,goog-20250905.htm
0001652044,Alphabet Inc.,8-K,2025-09-03,goog-20250902.htm
0001652044,Alphabet Inc.,SCHEDULE 13G/A,2025-08-14,xslSCHEDULE_13G_X01/primary_doc.xml
0001652044,Alphabet Inc.,13F-HR,2025-08-01,xslForm13F_X02/primary_doc.xml
0001652044,Alphabet Inc.,10-Q,2025-07-24,goog-20250630.htm
0001652044,Alphabet Inc.,8-K,2025-07-23,goog-20250723.htm
0001652044,Alphabet Inc.,8-K,2025-07-18,d21412d8k.htm
0001652044,Alphabet Inc.,8-K,2025-06-12,d949049d8k.htm
0001652044,Alphabet Inc.,8-K,2025-05-06,d859422d8k.htm
0001652044,Alphabet Inc.,13F-HR,2025-05-02,xslForm13F_X02/primary_doc.xml
0001652044,Alphabet Inc.,8-K,2025-05-01,d884388d8k.htm
0001652044,Alphabet Inc.,DEFA14A,2025-04-25,goog012701-defa14a.htm
0001652044,Alphabet Inc.,DEF 14A,2025-04-25,goog012701-def14a.htm
0001652044,Alphabet Inc.,10-Q,2025-04-25,goog-20250331.htm
0001652044,Alphabet Inc.,8-K,2025-04-24,goog-20250423.htm
0001652044,Alphabet Inc.,8-K,2025-04-18,goog-20250417.htm
0001652044,Alphabet Inc.,8-K,2025-03-18,goog-20250318.htm
0001652044,Alphabet Inc.,SCHEDULE 13G/A,2025-02-18,xslSCHEDULE_13G_X01/primary_doc.xml
0001652044,Alphabet Inc.,13F-HR,2025-02-07,xslForm13F_X02/primary_doc.xml
0001652044,Alphabet Inc.,10-K,2025-02-05,goog-20241231.htm
0001652044,Alphabet Inc.,8-K,2025-02-04,goog-20250204.htm
0001652044,Alphabet Inc.,13F-HR,2024-11-08,xslForm13F_X02/primary_doc.xml
0001652044,Alphabet Inc.,10-Q,2024-10-30,goog-20240930.htm
0001652044,Alphabet Inc.,8-K,2024-10-29,goog-20241029.htm
0001652044,Alphabet Inc.,8-K,2024-10-17,d627891d8k.htm
0001652044,Alphabet Inc.,8-K,2024-09-24,goog-20240924.htm
0001652044,Alphabet Inc.,8-K,2024-08-06,goog-20240805.htm
0001652044,Alphabet Inc.,13F-HR,2024-08-02,xslForm13F_X02/primary_doc.xml
0001652044,Alphabet Inc.,10-Q,2024-07-24,goog-20240630.htm
0001652044,Alphabet Inc.,8-K,2024-07-23,goog-20240723.htm
0001652044,Alphabet Inc.,8-K,2024-06-26,d809715d8k.htm
0001652044,Alphabet Inc.,8-K,2024-06-13,d805807d8k.htm
0001652044,Alphabet Inc.,8-K,2024-06-07,d787017d8k.htm
0001652044,Alphabet Inc.,8-K,2024-06-05,d837191d8k.htm
0001652044,Alphabet Inc.,13F-HR,2024-05-03,xslForm13F_X02/primary_doc.xml
0001652044,Alphabet Inc.,DEFA14A,2024-04-26,lgoog2024_defa14a.htm
0001652044,Alphabet Inc.,DEF 14A,2024-04-26,lgoog2024_def14a.htm
0001652044,Alphabet Inc.,10-Q,2024-04-26,goog-20240331.htm
0001652044,Alphabet Inc.,8-K,2024-04-25,goog-20240425.htm
0001652044,Alphabet Inc.,SC 13G/A,2024-02-14,d585199dsc13ga.htm
0001652044,Alphabet Inc.,SC 13G/A,2024-02-13,tv0008-alphabetincclassa.htm
0001652044,Alphabet Inc.,SC 13G/A,2024-02-13,tv0009-alphabetincclassc.htm
0001652044,Alphabet Inc.,SC 13G/A,2024-02-12,d931712dsc13ga.htm
0001652044,Alphabet Inc.,SC 13G/A,2024-02-12,us02079k1079_021224.txt
0001652044,Alphabet Inc.,13F-HR,2024-02-09,xslForm13F_X02/primary_doc.xml
0001652044,Alphabet Inc.,8-K,2024-02-08,goog-20240208.htm
0001652044,Alphabet Inc.,SC 13G/A,2024-02-01,us02079k3059_020124.txt
0001652044,Alphabet Inc.,10-K,2024-01-31,goog-20231231.htm
0001652044,Alphabet Inc.,8-K,2024-01-30,goog-20240130.htm
0001652044,Alphabet Inc.,13F-HR,2023-11-13,xslForm13F_X02/primary_doc.xml
0001652044,Alphabet Inc.,10-Q,2023-10-25,goog-20230930.htm
0001652044,Alphabet Inc.,8-K,2023-10-24,goog-20231018.htm
0001652044,Alphabet Inc.,13F-HR,2023-08-04,xslForm13F_X02/primary_doc.xml
0001652044,Alphabet Inc.,10-Q,2023-07-26,goog-20230630.htm
0001652044,Alphabet Inc.,8-K,2023-07-25,goog-20230720.htm
0001652044,Alphabet Inc.,8-K,2023-06-08,d442583d8k.htm
0001652044,Alphabet Inc.,13F-HR,2023-05-11,xslForm13F_X02/primary_doc.xml
0001652044,Alphabet Inc.,10-Q,2023-04-26,goog-20230331.htm
0001652044,Alphabet Inc.,8-K,2023-04-25,goog-20230425.htm
0001652044,Alphabet Inc.,DEFA14A,2023-04-21,lgoog2023_defa14a.htm
0001652044,Alphabet Inc.,DEFA14A,2023-04-21,lgoog2023_defa14a.htm
0001652044,Alphabet Inc.,DEF 14A,2023-04-21,lgoog2023_def14a.htm
0001652044,Alphabet Inc.,8-K,2023-04-21,d490635d8k.htm
0001652044,Alphabet Inc.,8-K,2023-04-20,goog-20230420.htm
0001652044,Alphabet Inc.,SC 13G/A,2023-02-14,d436076dsc13ga.htm
0001652044,Alphabet Inc.,SC 13G/A,2023-02-14,a2023schedule13g-lawrencep.htm
0001652044,Alphabet Inc.,13F-HR,2023-02-14,xslForm13F_X02/primary_doc.xml
0001652044,Alphabet Inc.,SC 13G/A,2023-02-13,a2023schedule13g-sergeybri.htm
0001652044,Alphabet Inc.,SC 13G/A,2023-02-09,tv0010-alphabetincclassc.htm
0001652044,Alphabet Inc.,SC 13G/A,2023-02-09,tv0009-alphabetincclassa.htm
0001652044,Alphabet Inc.,10-K,2023-02-03,goog-20221231.htm
0001652044,Alphabet Inc.,8-K,2023-02-02,goog-20230202.htm
0001652044,Alphabet Inc.,SC 13G/A,2023-02-01,us02079k3059_013123.txt
0001652044,Alphabet Inc.,8-K,2023-01-25,goog-20230124.htm
0001652044,Alphabet Inc.,8-K,2023-01-20,d454494d8k.htm
0001652044,Alphabet Inc.,8-K,2022-12-21,d441338d8k.htm
0001652044,Alphabet Inc.,13F-HR,2022-11-15,xslForm13F_X01/primary_doc.xml
0001652044,Alphabet Inc.,13F-HR,2022-11-15,xslForm13F_X01/primary_doc.xml
0001652044,Alphabet Inc.,13F-HR,2022-11-15,xslForm13F_X01/primary_doc.xml
0001652044,Alphabet Inc.,13F-HR,2022-11-15,xslForm13F_X01/primary_doc.xml
0001652044,Alphabet Inc.,13F-HR,2022-11-15,xslForm13F_X01/primary_doc.xml
0001652044,Alphabet Inc.,13F-HR,2022-11-15,xslForm13F_X01/primary_doc.xml
0001652044,Alphabet Inc.,13F-HR,2022-11-15,xslForm13F_X01/primary_doc.xml
0001652044,Alphabet Inc.,13F-HR,2022-11-15,xslForm13F_X01/primary_doc.xml
0001652044,Alphabet Inc.,13F-HR,2022-11-15,xslForm13F_X01/primary_doc.xml
0001652044,Alphabet Inc.,13F-HR,2022-11-15,xslForm13F_X01/primary_doc.xml
0001652044,Alphabet Inc.,13F-HR,2022-11-15,xslForm13F_X01/primary_doc.xml
0001652044,Alphabet Inc.,13F-HR,2022-11-15,xslForm13F_X01/primary_doc.xml
0001652044,Alphabet Inc.,13F-HR,2022-11-15,xslForm13F_X01/primary_doc.xml
0001652044,Alphabet Inc.,13F-HR,2022-11-15,xslForm13F_X01/primary_doc.xml
0001652044,Alphabet Inc.,13F-HR,2022-11-15,xslForm13F_X01/primary_doc.xml
0001652044,Alphabet Inc.,13F-HR,2022-11-15,xslForm13F_X01/primary_doc.xml
0001652044,Alphabet Inc.,13F-HR,2022-11-15,xslForm13F_X01/primary_doc.xml
0001652044,Alphabet Inc.,13F-HR,2022-11-15,xslForm13F_X01/primary_doc.xml
0001652044,Alphabet Inc.,13F-HR,2022-11-15,xslForm13F_X01/primary_doc.xml
0001652044,Alphabet Inc.,13F-HR,2022-11-15,xslForm13F_X01/primary_doc.xml
0001652044,Alphabet Inc.,13F-HR,2022-11-15,xslForm13F_X01/primary_doc.xml
0001652044,Alphabet Inc.,13F-HR,2022-11-15,xslForm13F_X01/primary_doc.xml
0001652044,Alphabet Inc.,13F-HR,2022-11-15,xslForm13F_X01/primary_doc.xml
0001652044,Alphabet Inc.,13F-HR,2022-11-15,xslForm13F_X01/primary_doc.xml
0001652044,Alphabet Inc.,13F-HR,2022-11-15,xslForm13F_X01/primary_doc.xml
0001652044,Alphabet Inc.,13F-HR,2022-11-15,xslForm13F_X01/primary_doc.xml
0001652044,Alphabet Inc.,13F-HR,2022-11-15,xslForm13F_X01/primary_doc.xml
0001652044,Alphabet Inc.,13F-HR,2022-11-15,xslForm13F_X01/primary_doc.xml
0001652044,Alphabet Inc.,13F-HR,2022-11-15,xslForm13F_X01/primary_doc.xml
0001652044,Alphabet Inc.,13F-HR,2022-11-15,xslForm13F_X01/primary_doc.xml
0001652044,Alphabet Inc.,13F-HR,2022-11-15,xslForm13F_X01/primary_doc.xml
0001652044,Alphabet Inc.,13F-HR,2022-11-15,xslForm13F_X01/primary_doc.xml
0001652044,Alphabet Inc.,13F-HR,2022-11-15,xslForm13F_X01/primary_doc.xml
0001652044,Alphabet Inc.,13F-HR,2022-11-15,xslForm13F_X01/primary_doc.xml
0001652044,Alphabet Inc.,13F-HR,2022-11-15,xslForm13F_X01/primary_doc.xml
0001652044,Alphabet Inc.,13F-HR,2022-11-15,xslForm13F_X01/primary_doc.xml
0001652044,Alphabet Inc.,10-Q,2022-10-26,goog-20220930.htm
0001652044,Alphabet Inc.,8-K,2022-10-25,goog-20221025.htm
